w1,w2,w3,w4,w5,w6,op_vout,op_satlist,op_gain,op_gain_db,op_inmin,op_inmax,op_outmin,op_outmax,dc_outmin,dc_outmax,dc_inmin,dc_inmax,tran_gain,tran_gain_db,ac_gain,ac_gain_db,ac_GBP,
1e-06,1e-06,3e-07,3e-07,2e-06,2e-06,9.88927e-01,6,2.28783e+01,2.71885e+01,7.79385e-01,1.98227e+00,8.68248e-01,1.51014e+00,3.50430e-01,1.72631e+00,5.40000e-01,1.52000e+00,2.08593e+01,2.63860e+01,2.24548e+01,2.70262e+01,2.40410e+08,
1e-06,1e-06,3e-07,3e-07,2e-06,4e-06,1.09909e+00,6,2.31589e+01,2.72944e+01,6.77909e-01,2.03862e+00,8.76964e-01,1.58954e+00,3.89337e-01,1.74105e+00,5.00000e-01,1.60000e+00,2.11331e+01,2.64992e+01,2.28002e+01,2.71588e+01,1.38950e+08,
1e-06,1e-06,3e-07,3e-07,2e-06,6e-06,1.14620e+00,6,2.30033e+01,2.72358e+01,6.30303e-01,2.05988e+00,8.76480e-01,1.62433e+00,4.05767e-01,1.74527e+00,4.80000e-01,1.63000e+00,2.10104e+01,2.64487e+01,2.26809e+01,2.71132e+01,1.00000e+08,
1e-06,1e-06,3e-07,3e-07,2e-06,8e-06,1.17413e+00,6,2.28108e+01,2.71628e+01,6.00509e-01,2.07066e+00,8.74622e-01,1.64490e+00,4.17349e-01,1.74282e+00,4.70000e-01,1.65000e+00,2.08529e+01,2.63833e+01,2.25107e+01,2.70478e+01,8.03086e+07,
